역명,날짜,오늘_배치_우산_개수,우산_대여,우산_반납,내일_배치_우산_개수
잠실(송파구청),2023-07-01,100000.0,107133,94757,87624.0
잠실(송파구청),2023-07-02,87624.0,110076,127136,104684.0
잠실(송파구청),2023-07-03,117060.0,92888,92888,117060.0
잠실(송파구청),2023-07-04,100000.0,128231,112409,84178.0
잠실(송파구청),2023-07-05,84178.0,88302,108027,103903.0
잠실(송파구청),2023-07-06,119725.0,88420,88374,119679.0
잠실(송파구청),2023-07-07,99954.0,102168,60161,57947.0
잠실(송파구청),2023-07-08,57993.0,63832,86493,80654.0
잠실(송파구청),2023-07-09,122661.0,77711,103577,148527.0
잠실(송파구청),2023-07-10,125866.0,79754,69925,116037.0
잠실(송파구청),2023-07-11,90171.0,126018,93051,57204.0
잠실(송파구청),2023-07-12,67033.0,98768,69683,37948.0
잠실(송파구청),2023-07-13,70915.0,86842,99614,83687.0
잠실(송파구청),2023-07-14,112772.0,75018,104774,142528.0
잠실(송파구청),2023-07-15,129756.0,85745,91767,135778.0
잠실(송파구청),2023-07-16,106022.0,85724,133554,153852.0
잠실(송파구청),2023-07-17,147830.0,97189,76837,127478.0
잠실(송파구청),2023-07-18,79648.0,113484,73657,39821.0
잠실(송파구청),2023-07-19,60173.0,101523,59257,17907.0
잠실(송파구청),2023-07-20,57734.0,71565,101289,87458.0
잠실(송파구청),2023-07-21,129724.0,111845,100792,118671.0
잠실(송파구청),2023-07-22,88947.0,95198,91583,85332.0
잠실(송파구청),2023-07-23,96385.0,68635,83422,111172.0
잠실(송파구청),2023-07-24,114787.0,88474,118056,144369.0
잠실(송파구청),2023-07-25,129582.0,104149,63089,88522.0
잠실(송파구청),2023-07-26,58940.0,103768,89946,45118.0
잠실(송파구청),2023-07-27,86178.0,84258,109374,111294.0
잠실(송파구청),2023-07-28,125116.0,117546,115603,123173.0
잠실(송파구청),2023-07-29,98057.0,81095,91425,108387.0
잠실(송파구청),2023-07-30,110330.0,103908,116466,122888.0
잠실(송파구청),2023-07-31,112558.0,88112,93833,118279.0
강남,2023-07-01,105721.0,74766,73040,103995.0
강남,2023-07-02,98274.0,111612,122052,108714.0
강남,2023-07-03,110440.0,94627,115279,131092.0
강남,2023-07-04,120652.0,102954,83622,101320.0
강남,2023-07-05,80668.0,102949,125543,103262.0
강남,2023-07-06,122594.0,95322,126054,153326.0
강남,2023-07-07,130732.0,45705,111792,196819.0
강남,2023-07-08,166087.0,97681,90268,158674.0
강남,2023-07-09,92587.0,97772,57844,52659.0
강남,2023-07-10,60072.0,91791,102867,71148.0
강남,2023-07-11,111076.0,124388,86058,72746.0
강남,2023-07-12,61670.0,80485,86375,67560.0
강남,2023-07-13,105890.0,113587,102322,94625.0
강남,2023-07-14,88735.0,85837,105865,108763.0
강남,2023-07-15,120028.0,97874,114609,136763.0
강남,2023-07-16,116735.0,82529,89718,123924.0
강남,2023-07-17,107189.0,88480,67907,86616.0
강남,2023-07-18,79427.0,101696,101022,78753.0
강남,2023-07-19,99326.0,96108,91505,94723.0
강남,2023-07-20,95397.0,68832,87932,114497.0
강남,2023-07-21,119100.0,89429,80604,110275.0
강남,2023-07-22,91175.0,92913,103768,102030.0
강남,2023-07-23,110855.0,132228,99362,77989.0
강남,2023-07-24,67134.0,100955,94580,60759.0
강남,2023-07-25,93625.0,59165,95500,129960.0
강남,2023-07-26,136335.0,97166,143309,182478.0
강남,2023-07-27,146143.0,92316,101800,155627.0
강남,2023-07-28,109484.0,95343,73569,87710.0
강남,2023-07-29,78226.0,117954,110448,70720.0
강남,2023-07-30,92494.0,111199,78547,59842.0
강남,2023-07-31,67348.0,122946,69091,13493.0
홍대입구,2023-07-01,46145.0,90953,117059,72251.0
홍대입구,2023-07-02,126106.0,65273,72180,133013.0
홍대입구,2023-07-03,106907.0,83021,73202,97088.0
홍대입구,2023-07-04,90181.0,56154,82515,116542.0
홍대입구,2023-07-05,126361.0,64105,89109,151365.0
홍대입구,2023-07-06,125004.0,66431,106632,165205.0
홍대입구,2023-07-07,140201.0,68648,76156,147709.0
홍대입구,2023-07-08,107508.0,94643,61361,74226.0
홍대입구,2023-07-09,66718.0,85102,102679,84295.0
홍대입구,2023-07-10,117577.0,55229,84405,146753.0
홍대입구,2023-07-11,129176.0,85630,94127,137673.0
홍대입구,2023-07-12,108497.0,61262,59902,107137.0
홍대입구,2023-07-13,98640.0,89896,86234,94978.0
홍대입구,2023-07-14,96338.0,85477,87039,97900.0
홍대입구,2023-07-15,101562.0,70328,85180,116414.0
홍대입구,2023-07-16,114852.0,86170,69769,98451.0
홍대입구,2023-07-17,83599.0,111774,89113,60938.0
홍대입구,2023-07-18,77339.0,62005,92088,107422.0
홍대입구,2023-07-19,130083.0,65531,94213,158765.0
홍대입구,2023-07-20,128682.0,100261,68038,96459.0
홍대입구,2023-07-21,67777.0,97083,88119,58813.0
홍대입구,2023-07-22,91036.0,94782,112279,108533.0
홍대입구,2023-07-23,117497.0,77404,69128,109221.0
홍대입구,2023-07-24,91724.0,66918,68118,92924.0
홍대입구,2023-07-25,101200.0,80144,86953,108009.0
홍대입구,2023-07-26,106809.0,85903,94865,115771.0
홍대입구,2023-07-27,108962.0,81611,105062,132413.0
홍대입구,2023-07-28,123451.0,77090,125683,172044.0
홍대입구,2023-07-29,148593.0,91585,67445,124453.0
홍대입구,2023-07-30,75860.0,63965,89254,101149.0
홍대입구,2023-07-31,125289.0,77761,93023,140551.0
구로디지털단지,2023-07-01,115262.0,86830,78167,106599.0
구로디지털단지,2023-07-02,91337.0,65888,55290,80739.0
구로디지털단지,2023-07-03,89402.0,72239,92909,110072.0
구로디지털단지,2023-07-04,120670.0,82719,59559,97510.0
구로디지털단지,2023-07-05,76840.0,82070,85435,80205.0
구로디지털단지,2023-07-06,103365.0,65300,81761,119826.0
구로디지털단지,2023-07-07,116461.0,80246,61190,97405.0
구로디지털단지,2023-07-08,80944.0,84999,88219,84164.0
구로디지털단지,2023-07-09,103220.0,96505,96041,102756.0
구로디지털단지,2023-07-10,99536.0,57466,64444,106514.0
구로디지털단지,2023-07-11,106978.0,87493,87474,106959.0
구로디지털단지,2023-07-12,99981.0,87494,140445,152932.0
구로디지털단지,2023-07-13,152951.0,88379,97338,161910.0
구로디지털단지,2023-07-14,108959.0,94457,89657,104159.0
구로디지털단지,2023-07-15,95200.0,74321,91363,112242.0
구로디지털단지,2023-07-16,117042.0,67062,75566,125546.0
구로디지털단지,2023-07-17,108504.0,71622,80621,117503.0
구로디지털단지,2023-07-18,108999.0,116044,49699,42654.0
구로디지털단지,2023-07-19,33655.0,90210,53737,0.0
구로디지털단지,2023-07-20,63527.0,71836,96598,88289.0
구로디지털단지,2023-07-21,124762.0,80342,62225,106645.0
구로디지털단지,2023-07-22,81883.0,67975,90104,104012.0
구로디지털단지,2023-07-23,122129.0,67736,82757,137150.0
구로디지털단지,2023-07-24,115021.0,80046,68985,103960.0
구로디지털단지,2023-07-25,88939.0,113335,89379,64983.0
구로디지털단지,2023-07-26,76044.0,47194,82281,111131.0
구로디지털단지,2023-07-27,135087.0,68824,92846,159109.0
구로디지털단지,2023-07-28,124022.0,66750,77502,134774.0
구로디지털단지,2023-07-29,110752.0,87334,93057,116475.0
구로디지털단지,2023-07-30,105723.0,60280,74016,119459.0
구로디지털단지,2023-07-31,113736.0,71788,68958,110906.0
삼성(무역센터),2023-07-01,97170.0,100426,80231,76975.0
삼성(무역센터),2023-07-02,79805.0,55503,87844,112146.0
삼성(무역센터),2023-07-03,132341.0,105721,89545,116165.0
삼성(무역센터),2023-07-04,83824.0,51666,67031,99189.0
삼성(무역센터),2023-07-05,115365.0,93025,63715,86055.0
삼성(무역센터),2023-07-06,70690.0,80807,85718,75601.0
삼성(무역센터),2023-07-07,104911.0,60460,73336,117787.0
삼성(무역센터),2023-07-08,112876.0,26106,59013,145783.0
삼성(무역센터),2023-07-09,132907.0,70470,55697,118134.0
삼성(무역센터),2023-07-10,85227.0,98451,52990,39766.0
삼성(무역센터),2023-07-11,54539.0,67687,76160,63012.0
삼성(무역센터),2023-07-12,108473.0,95614,52905,65764.0
삼성(무역센터),2023-07-13,57291.0,91485,74371,40177.0
삼성(무역센터),2023-07-14,82886.0,59650,81079,104315.0
삼성(무역센터),2023-07-15,121429.0,77174,65310,109565.0
삼성(무역센터),2023-07-16,88136.0,75255,68500,81381.0
삼성(무역센터),2023-07-17,93245.0,75904,84048,101389.0
삼성(무역센터),2023-07-18,108144.0,97762,55845,66227.0
삼성(무역센터),2023-07-19,58083.0,105882,45243,0.0
삼성(무역센터),2023-07-20,39361.0,71966,82952,50347.0
삼성(무역센터),2023-07-21,110986.0,78390,64976,97572.0
삼성(무역센터),2023-07-22,86586.0,71130,66901,82357.0
삼성(무역센터),2023-07-23,95771.0,65471,86831,117131.0
삼성(무역센터),2023-07-24,121360.0,79519,63934,105775.0
삼성(무역센터),2023-07-25,84415.0,87573,78781,75623.0
삼성(무역센터),2023-07-26,91208.0,86285,83566,88489.0
삼성(무역센터),2023-07-27,97281.0,61914,65904,101271.0
삼성(무역센터),2023-07-28,103990.0,85312,83280,101958.0
삼성(무역센터),2023-07-29,97968.0,73909,75961,100020.0
삼성(무역센터),2023-07-30,102052.0,93185,65438,74305.0
삼성(무역센터),2023-07-31,72253.0,82340,71218,61131.0
신림,2023-07-01,88878.0,68271,87064,107671.0
신림,2023-07-02,118793.0,83162,82992,118623.0
신림,2023-07-03,99830.0,90015,71678,81493.0
신림,2023-07-04,81663.0,81114,66949,67498.0
신림,2023-07-05,85835.0,76006,69521,79350.0
신림,2023-07-06,93515.0,72763,79875,100627.0
신림,2023-07-07,107112.0,59698,101249,148663.0
신림,2023-07-08,141551.0,57017,54045,138579.0
신림,2023-07-09,97028.0,87911,82680,91797.0
신림,2023-07-10,94769.0,80288,80349,94830.0
신림,2023-07-11,100061.0,71204,58569,87426.0
신림,2023-07-12,87365.0,72461,61711,76615.0
신림,2023-07-13,89250.0,85299,69279,73230.0
신림,2023-07-14,83980.0,59594,66790,91176.0
신림,2023-07-15,107196.0,77273,63331,93254.0
신림,2023-07-16,86058.0,59641,74857,101274.0
신림,2023-07-17,115216.0,74876,64141,104481.0
신림,2023-07-18,89265.0,64654,74691,99302.0
신림,2023-07-19,110037.0,50706,51286,110617.0
신림,2023-07-20,100580.0,61122,68331,107789.0
신림,2023-07-21,107209.0,75817,92440,123832.0
신림,2023-07-22,116623.0,83622,69095,102096.0
신림,2023-07-23,85473.0,71107,57067,71433.0
신림,2023-07-24,85960.0,71114,67258,82104.0
신림,2023-07-25,96144.0,75986,59569,79727.0
신림,2023-07-26,83583.0,78793,93260,98050.0
신림,2023-07-27,114467.0,69826,77113,121754.0
신림,2023-07-28,107287.0,81231,65651,91707.0
신림,2023-07-29,84420.0,74578,71558,81400.0
신림,2023-07-30,96980.0,72773,60343,84550.0
신림,2023-07-31,87570.0,71728,78488,94330.0
역삼,2023-07-01,106760.0,91990,84976,99746.0
역삼,2023-07-02,92986.0,102001,60355,51340.0
역삼,2023-07-03,58354.0,83736,73912,48530.0
역삼,2023-07-04,90176.0,102523,59771,47424.0
역삼,2023-07-05,57248.0,59323,62750,60675.0
역삼,2023-07-06,103427.0,41012,63800,126215.0
역삼,2023-07-07,122788.0,60472,73442,135758.0
역삼,2023-07-08,112970.0,76171,98051,134850.0
역삼,2023-07-09,121880.0,84850,63071,100101.0
역삼,2023-07-10,78221.0,58486,78312,98047.0
역삼,2023-07-11,119826.0,52471,97413,164768.0
역삼,2023-07-12,144942.0,88116,64607,121433.0
역삼,2023-07-13,76491.0,46869,90603,120225.0
역삼,2023-07-14,143734.0,69664,88948,163018.0
역삼,2023-07-15,119284.0,48562,62751,133473.0
역삼,2023-07-16,114189.0,71372,71967,114784.0
역삼,2023-07-17,100595.0,64880,80179,115894.0
역삼,2023-07-18,115299.0,56074,69267,128492.0
역삼,2023-07-19,113193.0,73013,78633,118813.0
역삼,2023-07-20,105620.0,81445,55260,79435.0
역삼,2023-07-21,73815.0,49422,89516,113909.0
역삼,2023-07-22,140094.0,76036,60624,124682.0
역삼,2023-07-23,84588.0,93416,72947,64119.0
역삼,2023-07-24,79531.0,88114,72260,63677.0
역삼,2023-07-25,84146.0,100683,96328,79791.0
역삼,2023-07-26,95645.0,67747,85152,113050.0
역삼,2023-07-27,117405.0,80500,90813,127718.0
역삼,2023-07-28,110313.0,57538,81080,133855.0
역삼,2023-07-29,123542.0,86390,46218,83370.0
역삼,2023-07-30,59828.0,54425,42219,47622.0
역삼,2023-07-31,87794.0,67456,81529,101867.0
서울역,2023-07-01,114073.0,88699,69216,94590.0
서울역,2023-07-02,80517.0,90421,49379,39475.0
서울역,2023-07-03,58958.0,44969,67447,81436.0
서울역,2023-07-04,122478.0,73444,67759,116793.0
서울역,2023-07-05,94315.0,40003,66989,121301.0
서울역,2023-07-06,126986.0,50411,77340,153915.0
서울역,2023-07-07,126929.0,73206,55384,109107.0
서울역,2023-07-08,82178.0,61195,53756,74739.0
서울역,2023-07-09,92561.0,67350,81234,106445.0
서울역,2023-07-10,113884.0,54759,75081,134206.0
서울역,2023-07-11,120322.0,60972,57389,116739.0
서울역,2023-07-12,96417.0,66745,54083,83755.0
서울역,2023-07-13,87338.0,60653,51865,78550.0
서울역,2023-07-14,91212.0,95006,68686,64892.0
서울역,2023-07-15,73680.0,58660,71124,86144.0
서울역,2023-07-16,112464.0,66673,65191,110982.0
서울역,2023-07-17,98518.0,76583,78538,100473.0
서울역,2023-07-18,101955.0,60968,60350,101337.0
서울역,2023-07-19,99382.0,64453,36804,71733.0
서울역,2023-07-20,72351.0,47536,86851,111666.0
서울역,2023-07-21,139315.0,90644,64808,113479.0
서울역,2023-07-22,74164.0,76070,72451,70545.0
서울역,2023-07-23,96381.0,110204,83477,69654.0
서울역,2023-07-24,73273.0,66460,55170,61983.0
서울역,2023-07-25,88710.0,46291,70980,113399.0
서울역,2023-07-26,124689.0,57888,48804,115605.0
서울역,2023-07-27,90916.0,59385,53451,84982.0
서울역,2023-07-28,94066.0,91219,80232,83079.0
서울역,2023-07-29,89013.0,68096,88393,109310.0
서울역,2023-07-30,120297.0,69260,56456,107493.0
서울역,2023-07-31,87196.0,88982,75556,73770.0
선릉,2023-07-01,86574.0,53370,64776,97980.0
선릉,2023-07-02,111406.0,55547,48716,104575.0
선릉,2023-07-03,93169.0,79813,93056,106412.0
선릉,2023-07-04,113243.0,48504,74922,139661.0
선릉,2023-07-05,126418.0,58577,60779,128620.0
선릉,2023-07-06,102202.0,59361,55703,98544.0
선릉,2023-07-07,96342.0,67993,56148,84497.0
선릉,2023-07-08,88155.0,70982,66663,83836.0
선릉,2023-07-09,95681.0,64122,55117,86676.0
선릉,2023-07-10,90995.0,59572,77513,108936.0
선릉,2023-07-11,117941.0,74086,54174,98029.0
선릉,2023-07-12,80088.0,68677,77459,88870.0
선릉,2023-07-13,108782.0,44856,74658,138584.0
선릉,2023-07-14,129802.0,58415,75025,146412.0
선릉,2023-07-15,116610.0,57060,43031,102581.0
선릉,2023-07-16,85971.0,45420,67987,108538.0
선릉,2023-07-17,122567.0,70838,55160,106889.0
선릉,2023-07-18,84322.0,75940,44962,53344.0
선릉,2023-07-19,69022.0,66450,51030,53602.0
선릉,2023-07-20,84580.0,58561,67978,93997.0
선릉,2023-07-21,109417.0,55752,62160,115825.0
선릉,2023-07-22,106408.0,80892,59570,85086.0
선릉,2023-07-23,78678.0,78595,52125,52208.0
선릉,2023-07-24,73530.0,74475,86755,85810.0
선릉,2023-07-25,112280.0,34051,56607,134836.0
선릉,2023-07-26,122556.0,75112,64605,112049.0
선릉,2023-07-27,89493.0,72338,59205,76360.0
선릉,2023-07-28,86867.0,68506,65243,83604.0
선릉,2023-07-29,96737.0,83067,70766,84436.0
선릉,2023-07-30,87699.0,71887,61792,77604.0
선릉,2023-07-31,89905.0,60773,61514,90646.0
가산디지털단지,2023-07-01,100741.0,71030,60293,90004.0
가산디지털단지,2023-07-02,89263.0,69652,93164,112775.0
가산디지털단지,2023-07-03,123512.0,77307,61544,107749.0
가산디지털단지,2023-07-04,84237.0,81653,60463,63047.0
가산디지털단지,2023-07-05,78810.0,39000,52563,92373.0
가산디지털단지,2023-07-06,113563.0,41203,61208,133568.0
가산디지털단지,2023-07-07,120005.0,66079,87911,141837.0
가산디지털단지,2023-07-08,121832.0,70141,62952,114643.0
가산디지털단지,2023-07-09,92811.0,76758,36722,52775.0
가산디지털단지,2023-07-10,59964.0,68939,75987,67012.0
가산디지털단지,2023-07-11,107048.0,46367,80897,141578.0
가산디지털단지,2023-07-12,134530.0,70294,60368,124604.0
가산디지털단지,2023-07-13,90074.0,74169,95736,111641.0
가산디지털단지,2023-07-14,121567.0,68231,69105,122441.0
가산디지털단지,2023-07-15,100874.0,59788,54646,95732.0
가산디지털단지,2023-07-16,94858.0,76770,54564,72652.0
가산디지털단지,2023-07-17,77794.0,66779,59547,70562.0
가산디지털단지,2023-07-18,92768.0,72143,70230,90855.0
가산디지털단지,2023-07-19,98087.0,79498,59121,77710.0
가산디지털단지,2023-07-20,79623.0,62283,52949,70289.0
가산디지털단지,2023-07-21,90666.0,59986,70805,101485.0
가산디지털단지,2023-07-22,110819.0,75804,53694,88709.0
가산디지털단지,2023-07-23,77890.0,77287,83687,84290.0
가산디지털단지,2023-07-24,106400.0,71280,90549,125669.0
가산디지털단지,2023-07-25,119269.0,55648,49448,113069.0
가산디지털단지,2023-07-26,93800.0,42415,85536,136921.0
가산디지털단지,2023-07-27,143121.0,74453,65105,133773.0
가산디지털단지,2023-07-28,90652.0,69523,51017,72146.0
가산디지털단지,2023-07-29,81494.0,98041,67538,50991.0
가산디지털단지,2023-07-30,69497.0,67277,75393,77613.0
가산디지털단지,2023-07-31,108116.0,72170,68785,104731.0
을지로입구,2023-07-01,96615.0,55304,71883,113194.0
을지로입구,2023-07-02,116579.0,90415,83365,109529.0
을지로입구,2023-07-03,92950.0,86620,58973,65303.0
을지로입구,2023-07-04,72353.0,52688,64036,83701.0
을지로입구,2023-07-05,111348.0,66421,80064,124991.0
을지로입구,2023-07-06,113643.0,43453,85784,155974.0
을지로입구,2023-07-07,142331.0,63613,60081,138799.0
을지로입구,2023-07-08,96468.0,52392,43948,88024.0
을지로입구,2023-07-09,91556.0,76504,66652,81704.0
을지로입구,2023-07-10,90148.0,48741,48674,90081.0
을지로입구,2023-07-11,99933.0,61277,87616,126272.0
을지로입구,2023-07-12,126339.0,62278,45941,110002.0
을지로입구,2023-07-13,83663.0,62460,62106,83309.0
을지로입구,2023-07-14,99646.0,30257,64976,134365.0
을지로입구,2023-07-15,134719.0,62655,74835,146899.0
을지로입구,2023-07-16,112180.0,89980,80489,102689.0
을지로입구,2023-07-17,90509.0,62156,51151,79504.0
을지로입구,2023-07-18,88995.0,99497,66467,55965.0
을지로입구,2023-07-19,66970.0,65872,65372,66470.0
을지로입구,2023-07-20,99500.0,68291,63792,95001.0
을지로입구,2023-07-21,95501.0,58152,58504,95853.0
을지로입구,2023-07-22,100352.0,65259,58549,93642.0
을지로입구,2023-07-23,93290.0,56324,67087,104053.0
을지로입구,2023-07-24,110763.0,62339,85448,133872.0
을지로입구,2023-07-25,123109.0,30861,80029,172277.0
을지로입구,2023-07-26,149168.0,82060,38449,105557.0
을지로입구,2023-07-27,56389.0,61187,60809,56011.0
을지로입구,2023-07-28,99622.0,47197,55470,107895.0
을지로입구,2023-07-29,108273.0,51098,88710,145885.0
을지로입구,2023-07-30,137612.0,77982,82394,142024.0
을지로입구,2023-07-31,104412.0,75170,50855,80097.0
신도림,2023-07-01,75685.0,57948,71076,88813.0
신도림,2023-07-02,113128.0,48916,73972,138184.0
신도림,2023-07-03,125056.0,61628,59887,123315.0
신도림,2023-07-04,98259.0,73946,70492,94805.0
신도림,2023-07-05,96546.0,60066,79751,116231.0
신도림,2023-07-06,119685.0,50742,72715,141658.0
신도림,2023-07-07,121973.0,72420,60732,110285.0
신도림,2023-07-08,88312.0,68963,48540,67889.0
신도림,2023-07-09,79577.0,76704,62346,65219.0
신도림,2023-07-10,85642.0,57972,78323,105993.0
신도림,2023-07-11,120351.0,55620,46503,111234.0
신도림,2023-07-12,90883.0,44585,72587,118885.0
신도림,2023-07-13,128002.0,48161,87461,167302.0
신도림,2023-07-14,139300.0,37783,86706,188223.0
신도림,2023-07-15,148923.0,67472,63488,144939.0
신도림,2023-07-16,96016.0,57684,69908,108240.0
신도림,2023-07-17,112224.0,64253,79026,126997.0
신도림,2023-07-18,114773.0,66219,66686,115240.0
신도림,2023-07-19,100467.0,60032,64003,104438.0
신도림,2023-07-20,103971.0,68725,42597,77843.0
신도림,2023-07-21,73872.0,47284,74364,100952.0
신도림,2023-07-22,127080.0,66952,62358,122486.0
신도림,2023-07-23,95406.0,64979,69240,99667.0
신도림,2023-07-24,104261.0,57751,54662,101172.0
신도림,2023-07-25,96911.0,67276,52072,81707.0
신도림,2023-07-26,84796.0,70026,42695,57465.0
신도림,2023-07-27,72669.0,78066,70859,65462.0
신도림,2023-07-28,92793.0,68055,77464,102202.0
신도림,2023-07-29,109409.0,86305,77874,100978.0
신도림,2023-07-30,91569.0,40904,48172,98837.0
신도림,2023-07-31,107268.0,56650,65078,115696.0
서울대입구(관악구청),2023-07-01,108428.0,63785,49411,94054.0
서울대입구(관악구청),2023-07-02,85626.0,59960,49068,74734.0
서울대입구(관악구청),2023-07-03,89108.0,50732,41540,79916.0
서울대입구(관악구청),2023-07-04,90808.0,47128,42175,85855.0
서울대입구(관악구청),2023-07-05,95047.0,46520,69981,118508.0
서울대입구(관악구청),2023-07-06,123461.0,46826,88232,164867.0
서울대입구(관악구청),2023-07-07,141406.0,63504,59938,137840.0
서울대입구(관악구청),2023-07-08,96434.0,47878,65897,114453.0
서울대입구(관악구청),2023-07-09,118019.0,51146,59211,126084.0
서울대입구(관악구청),2023-07-10,108065.0,87396,56690,77359.0
서울대입구(관악구청),2023-07-11,69294.0,71087,49672,47879.0
서울대입구(관악구청),2023-07-12,78585.0,57396,78272,99461.0
서울대입구(관악구청),2023-07-13,120876.0,50553,78753,149076.0
서울대입구(관악구청),2023-07-14,128200.0,65983,51299,113516.0
서울대입구(관악구청),2023-07-15,85316.0,65112,69044,89248.0
서울대입구(관악구청),2023-07-16,103932.0,64989,39649,78592.0
서울대입구(관악구청),2023-07-17,74660.0,49395,54940,80205.0
서울대입구(관악구청),2023-07-18,105545.0,56940,64976,113581.0
서울대입구(관악구청),2023-07-19,108036.0,59855,42364,90545.0
서울대입구(관악구청),2023-07-20,82509.0,62196,64859,85172.0
서울대입구(관악구청),2023-07-21,102663.0,64272,70295,108686.0
서울대입구(관악구청),2023-07-22,106023.0,67441,63109,101691.0
서울대입구(관악구청),2023-07-23,95668.0,56990,38600,77278.0
서울대입구(관악구청),2023-07-24,81610.0,62767,60202,79045.0
서울대입구(관악구청),2023-07-25,97435.0,60940,43041,79536.0
서울대입구(관악구청),2023-07-26,82101.0,45304,69976,106773.0
서울대입구(관악구청),2023-07-27,124672.0,57344,65679,133007.0
서울대입구(관악구청),2023-07-28,108335.0,58128,58145,108352.0
서울대입구(관악구청),2023-07-29,100017.0,68648,51835,83204.0
서울대입구(관악구청),2023-07-30,83187.0,58912,52457,76732.0
서울대입구(관악구청),2023-07-31,93545.0,52778,54227,94994.0
성수,2023-07-01,101449.0,60025,51968,93392.0
성수,2023-07-02,91943.0,71906,47188,67225.0
성수,2023-07-03,75282.0,55323,52417,72376.0
성수,2023-07-04,97094.0,74104,59731,82721.0
성수,2023-07-05,85627.0,69332,40396,56691.0
성수,2023-07-06,71064.0,60541,67697,78220.0
성수,2023-07-07,107156.0,58417,69718,118457.0
성수,2023-07-08,111301.0,51525,73671,133447.0
성수,2023-07-09,122146.0,83896,53301,91551.0
성수,2023-07-10,69405.0,52351,74177,91231.0
성수,2023-07-11,121826.0,75628,51461,97659.0
성수,2023-07-12,75833.0,52642,54232,77423.0
성수,2023-07-13,101590.0,42018,46912,106484.0
성수,2023-07-14,104894.0,45929,48646,107611.0
성수,2023-07-15,102717.0,57073,60164,105808.0
성수,2023-07-16,103091.0,75293,45996,73794.0
성수,2023-07-17,70703.0,68786,55012,56929.0
성수,2023-07-18,86226.0,56903,65228,94551.0
성수,2023-07-19,108325.0,44566,61867,125626.0
성수,2023-07-20,117301.0,59385,63132,121048.0
성수,2023-07-21,103747.0,60795,85694,128646.0
성수,2023-07-22,124899.0,50141,51368,126126.0
성수,2023-07-23,101227.0,50309,51087,102005.0
성수,2023-07-24,100778.0,50145,71138,121771.0
성수,2023-07-25,120993.0,73799,50911,98105.0
성수,2023-07-26,77112.0,47904,62890,92098.0
성수,2023-07-27,114986.0,51124,64747,128609.0
성수,2023-07-28,113623.0,59804,40049,93868.0
성수,2023-07-29,80245.0,75259,78114,83100.0
성수,2023-07-30,102855.0,50428,53015,105442.0
성수,2023-07-31,102587.0,60757,61316,103146.0
양재(서초구청),2023-07-01,100559.0,62025,76842,115376.0
양재(서초구청),2023-07-02,114817.0,52867,46056,108006.0
양재(서초구청),2023-07-03,93189.0,39687,46795,100297.0
양재(서초구청),2023-07-04,107108.0,54444,74478,127142.0
양재(서초구청),2023-07-05,120034.0,49133,57260,128161.0
양재(서초구청),2023-07-06,108127.0,54627,67833,121333.0
양재(서초구청),2023-07-07,113206.0,82506,48988,79688.0
양재(서초구청),2023-07-08,66482.0,49442,66252,83292.0
양재(서초구청),2023-07-09,116810.0,62281,75049,129578.0
양재(서초구청),2023-07-10,112768.0,61207,50868,102429.0
양재(서초구청),2023-07-11,89661.0,61281,66960,95340.0
양재(서초구청),2023-07-12,105679.0,63800,60367,102246.0
양재(서초구청),2023-07-13,96567.0,66499,67624,97692.0
양재(서초구청),2023-07-14,101125.0,69957,61918,93086.0
양재(서초구청),2023-07-15,91961.0,52975,56415,95401.0
양재(서초구청),2023-07-16,103440.0,68032,45852,81260.0
양재(서초구청),2023-07-17,77820.0,58848,50495,69467.0
양재(서초구청),2023-07-18,91647.0,55122,68820,105345.0
양재(서초구청),2023-07-19,113698.0,56902,55316,112112.0
양재(서초구청),2023-07-20,98414.0,39901,62987,121500.0
양재(서초구청),2023-07-21,123086.0,61882,78519,139723.0
양재(서초구청),2023-07-22,116637.0,51433,57209,122413.0
양재(서초구청),2023-07-23,105776.0,57540,72098,120334.0
양재(서초구청),2023-07-24,114558.0,53762,57865,118661.0
양재(서초구청),2023-07-25,104103.0,61470,56852,99485.0
양재(서초구청),2023-07-26,95382.0,49913,56934,102403.0
양재(서초구청),2023-07-27,107021.0,66575,43555,84001.0
양재(서초구청),2023-07-28,76980.0,56264,47132,67848.0
양재(서초구청),2023-07-29,90868.0,67906,38110,61072.0
양재(서초구청),2023-07-30,70204.0,48680,58942,80466.0
양재(서초구청),2023-07-31,110262.0,71967,54086,92381.0
사당,2023-07-01,82119.0,48179,74587,108527.0
사당,2023-07-02,126408.0,38501,30363,118270.0
사당,2023-07-03,91862.0,58966,48755,81651.0
사당,2023-07-04,89789.0,43127,61875,108537.0
사당,2023-07-05,118748.0,56839,48082,109991.0
사당,2023-07-06,91243.0,40319,63654,114578.0
사당,2023-07-07,123335.0,61245,53122,115212.0
사당,2023-07-08,91877.0,74213,42598,60262.0
사당,2023-07-09,68385.0,37661,46697,77421.0
사당,2023-07-10,109036.0,53703,56834,112167.0
사당,2023-07-11,103131.0,51582,58013,109562.0
사당,2023-07-12,106431.0,40631,69846,135646.0
사당,2023-07-13,129215.0,53306,66308,142217.0
사당,2023-07-14,113002.0,57912,59148,114238.0
사당,2023-07-15,101236.0,60373,59050,99913.0
사당,2023-07-16,98677.0,61163,68604,106118.0
사당,2023-07-17,107441.0,56327,61882,112996.0
사당,2023-07-18,105555.0,53224,69807,122138.0
사당,2023-07-19,116583.0,46865,73718,143436.0
사당,2023-07-20,126853.0,53761,38688,111780.0
사당,2023-07-21,84927.0,55585,46814,76156.0
사당,2023-07-22,91229.0,63309,47123,75043.0
사당,2023-07-23,83814.0,49360,33715,68169.0
사당,2023-07-24,84355.0,49294,27923,62984.0
사당,2023-07-25,78629.0,37028,62439,104040.0
사당,2023-07-26,125411.0,62714,58808,121505.0
사당,2023-07-27,96094.0,43715,53680,106059.0
사당,2023-07-28,109965.0,54158,41641,97448.0
사당,2023-07-29,87483.0,70493,63707,80697.0
사당,2023-07-30,93214.0,51802,54488,95900.0
사당,2023-07-31,102686.0,56455,32065,78296.0
고속터미널,2023-07-01,75610.0,51237,46549,70922.0
고속터미널,2023-07-02,95312.0,43103,50871,103080.0
고속터미널,2023-07-03,107768.0,73281,60810,95297.0
고속터미널,2023-07-04,87529.0,47744,60074,99859.0
고속터미널,2023-07-05,112330.0,68987,63869,107212.0
고속터미널,2023-07-06,94882.0,54544,46927,87265.0
고속터미널,2023-07-07,92383.0,61428,58143,89098.0
고속터미널,2023-07-08,96715.0,63552,60749,93912.0
고속터미널,2023-07-09,97197.0,65216,48131,80112.0
고속터미널,2023-07-10,82915.0,68103,56031,70843.0
고속터미널,2023-07-11,87928.0,76273,46472,58127.0
고속터미널,2023-07-12,70199.0,72616,56035,53618.0
고속터미널,2023-07-13,83419.0,46879,48685,85225.0
고속터미널,2023-07-14,101806.0,50448,58474,109832.0
고속터미널,2023-07-15,108026.0,59538,47717,96205.0
고속터미널,2023-07-16,88179.0,53639,76996,111536.0
고속터미널,2023-07-17,123357.0,72525,58605,109437.0
고속터미널,2023-07-18,86080.0,54311,55195,86964.0
고속터미널,2023-07-19,100884.0,60515,42875,83244.0
고속터미널,2023-07-20,82360.0,51127,35913,67146.0
고속터미널,2023-07-21,84786.0,58205,60878,87459.0
고속터미널,2023-07-22,102673.0,48692,70869,124850.0
고속터미널,2023-07-23,122177.0,40687,38115,119605.0
고속터미널,2023-07-24,97428.0,56321,65189,106296.0
고속터미널,2023-07-25,108868.0,72055,48954,85767.0
고속터미널,2023-07-26,76899.0,65530,53486,64855.0
고속터미널,2023-07-27,87956.0,52040,63427,99343.0
고속터미널,2023-07-28,111387.0,60933,36907,87361.0
고속터미널,2023-07-29,75974.0,69819,68779,74934.0
고속터미널,2023-07-30,98960.0,47157,58168,109971.0
고속터미널,2023-07-31,111011.0,59227,56711,108495.0
종각,2023-07-01,97484.0,46557,45288,96215.0
종각,2023-07-02,98731.0,52048,64586,111269.0
종각,2023-07-03,112538.0,58003,48437,102972.0
종각,2023-07-04,90434.0,60390,22511,52555.0
종각,2023-07-05,62121.0,64335,34112,31898.0
종각,2023-07-06,69777.0,48523,40600,61854.0
종각,2023-07-07,92077.0,38769,64461,117769.0
종각,2023-07-08,125692.0,47422,55941,134211.0
종각,2023-07-09,108519.0,51824,57307,114002.0
종각,2023-07-10,105483.0,53119,38891,91255.0
종각,2023-07-11,85772.0,62739,47149,70182.0
종각,2023-07-12,84410.0,36029,47836,96217.0
종각,2023-07-13,111807.0,68018,61211,105000.0
종각,2023-07-14,93193.0,48667,48661,93187.0
종각,2023-07-15,99994.0,48950,74045,125089.0
종각,2023-07-16,125095.0,56312,56815,125598.0
종각,2023-07-17,100503.0,63095,54814,92222.0
종각,2023-07-18,91719.0,49605,50261,92375.0
종각,2023-07-19,100656.0,51566,51926,101016.0
종각,2023-07-20,100360.0,59929,52859,93290.0
종각,2023-07-21,92930.0,59981,51471,84420.0
종각,2023-07-22,91490.0,53138,31408,69760.0
종각,2023-07-23,78270.0,61903,55941,72308.0
종각,2023-07-24,94038.0,62758,22011,53291.0
종각,2023-07-25,59253.0,74166,50855,35942.0
종각,2023-07-26,76689.0,63910,41435,54214.0
종각,2023-07-27,77525.0,58727,41293,60091.0
종각,2023-07-28,82566.0,45789,72342,109119.0
종각,2023-07-29,126553.0,50320,54590,130823.0
종각,2023-07-30,104270.0,61419,57502,100353.0
종각,2023-07-31,96083.0,53889,56134,98328.0
광화문(세종문화회관),2023-07-01,102245.0,70838,47290,78697.0
광화문(세종문화회관),2023-07-02,76452.0,49765,57894,84581.0
광화문(세종문화회관),2023-07-03,108129.0,58419,59199,108909.0
광화문(세종문화회관),2023-07-04,100780.0,53953,36905,83732.0
광화문(세종문화회관),2023-07-05,82952.0,63471,36873,56354.0
광화문(세종문화회관),2023-07-06,73402.0,50737,40624,63289.0
광화문(세종문화회관),2023-07-07,89887.0,47228,50987,93646.0
광화문(세종문화회관),2023-07-08,103759.0,50916,51878,104721.0
광화문(세종문화회관),2023-07-09,100962.0,63282,52181,89861.0
광화문(세종문화회관),2023-07-10,88899.0,45505,57066,100460.0
광화문(세종문화회관),2023-07-11,111561.0,59223,36095,88433.0
광화문(세종문화회관),2023-07-12,76872.0,53557,54550,77865.0
광화문(세종문화회관),2023-07-13,100993.0,44994,61005,117004.0
광화문(세종문화회관),2023-07-14,116011.0,46406,49043,118648.0
광화문(세종문화회관),2023-07-15,102637.0,46185,47990,104442.0
광화문(세종문화회관),2023-07-16,101805.0,37352,34062,98515.0
광화문(세종문화회관),2023-07-17,96710.0,63098,39737,73349.0
광화문(세종문화회관),2023-07-18,76639.0,38355,27237,65521.0
광화문(세종문화회관),2023-07-19,88882.0,41727,35182,82337.0
광화문(세종문화회관),2023-07-20,93455.0,63553,57504,87406.0
광화문(세종문화회관),2023-07-21,93951.0,41257,69393,122087.0
광화문(세종문화회관),2023-07-22,128136.0,57235,44733,115634.0
광화문(세종문화회관),2023-07-23,87498.0,23926,69762,133334.0
광화문(세종문화회관),2023-07-24,145836.0,34545,32098,143389.0
광화문(세종문화회관),2023-07-25,97553.0,57626,71186,111113.0
광화문(세종문화회관),2023-07-26,113560.0,61087,53237,105710.0
광화문(세종문화회관),2023-07-27,92150.0,53532,56007,94625.0
광화문(세종문화회관),2023-07-28,102475.0,55103,50532,97904.0
광화문(세종문화회관),2023-07-29,95429.0,48838,47242,93833.0
광화문(세종문화회관),2023-07-30,98404.0,40627,45156,102933.0
광화문(세종문화회관),2023-07-31,104529.0,31642,46900,119787.0
건대입구,2023-07-01,115258.0,37468,36393,114183.0
건대입구,2023-07-02,98925.0,48382,59703,110246.0
건대입구,2023-07-03,111321.0,55279,32032,88074.0
건대입구,2023-07-04,76753.0,37458,55489,94784.0
건대입구,2023-07-05,118031.0,37525,44603,125109.0
건대입구,2023-07-06,107078.0,51839,37657,92896.0
건대입구,2023-07-07,85818.0,47686,34241,72373.0
건대입구,2023-07-08,86555.0,41084,49688,95159.0
건대입구,2023-07-09,108604.0,31822,50816,127598.0
건대입구,2023-07-10,118994.0,46518,51862,124338.0
건대입구,2023-07-11,105344.0,48793,59443,115994.0
건대입구,2023-07-12,110650.0,47871,42691,105470.0
건대입구,2023-07-13,94820.0,47844,51776,98752.0
건대입구,2023-07-14,103932.0,47158,47081,103855.0
건대입구,2023-07-15,99923.0,40145,40510,100288.0
건대입구,2023-07-16,100365.0,33601,63043,129807.0
건대입구,2023-07-17,129442.0,35083,40229,134588.0
건대입구,2023-07-18,105146.0,39991,55060,120215.0
건대입구,2023-07-19,115069.0,43946,58356,129479.0
건대입구,2023-07-20,114410.0,40411,49307,123306.0
건대입구,2023-07-21,108896.0,38899,66738,136735.0
건대입구,2023-07-22,127839.0,35609,49595,141825.0
건대입구,2023-07-23,113986.0,52621,50566,111931.0
건대입구,2023-07-24,97945.0,44971,45489,98463.0
건대입구,2023-07-25,100518.0,47111,45328,98735.0
건대입구,2023-07-26,98217.0,55704,67349,109862.0
건대입구,2023-07-27,111645.0,41494,33907,104058.0
건대입구,2023-07-28,92413.0,45877,70797,117333.0
건대입구,2023-07-29,124920.0,39195,62011,147736.0
건대입구,2023-07-30,122816.0,62372,41531,101975.0
건대입구,2023-07-31,79159.0,52016,61911,89054.0
여의도,2023-07-01,109895.0,42457,44070,111508.0
여의도,2023-07-02,101613.0,40596,36617,97634.0
여의도,2023-07-03,96021.0,39975,34695,90741.0
여의도,2023-07-04,94720.0,46254,38866,87332.0
여의도,2023-07-05,92612.0,48089,31645,76168.0
여의도,2023-07-06,83556.0,48981,53599,88174.0
여의도,2023-07-07,104618.0,27622,49377,126373.0
여의도,2023-07-08,121755.0,57221,34826,99360.0
여의도,2023-07-09,77605.0,61309,49791,66087.0
여의도,2023-07-10,88482.0,39463,45428,94447.0
여의도,2023-07-11,105965.0,51071,46639,101533.0
여의도,2023-07-12,95568.0,50891,37481,82158.0
여의도,2023-07-13,86590.0,47497,32951,72044.0
여의도,2023-07-14,85454.0,44919,37635,78170.0
여의도,2023-07-15,92716.0,39182,57298,110832.0
여의도,2023-07-16,118116.0,55968,51537,113685.0
여의도,2023-07-17,95569.0,35904,43033,102698.0
여의도,2023-07-18,107129.0,57087,47243,97285.0
여의도,2023-07-19,90156.0,67251,49554,72459.0
여의도,2023-07-20,82303.0,47705,43100,77698.0
여의도,2023-07-21,95395.0,47168,44540,92767.0
여의도,2023-07-22,97372.0,52447,54731,99656.0
여의도,2023-07-23,102284.0,38719,33709,97274.0
여의도,2023-07-24,94990.0,29069,50608,116529.0
여의도,2023-07-25,121539.0,35803,26159,111895.0
여의도,2023-07-26,90356.0,49511,68847,109692.0
여의도,2023-07-27,119336.0,45885,53645,127096.0
여의도,2023-07-28,107760.0,46692,45032,106100.0
여의도,2023-07-29,98340.0,54385,43273,87228.0
여의도,2023-07-30,88888.0,48397,48896,89387.0
여의도,2023-07-31,100499.0,39802,55056,115753.0
수유(강북구청),2023-07-01,115254.0,43395,38171,110030.0
수유(강북구청),2023-07-02,94776.0,49793,36888,81871.0
수유(강북구청),2023-07-03,87095.0,45222,44886,86759.0
수유(강북구청),2023-07-04,99664.0,54734,49237,94167.0
수유(강북구청),2023-07-05,94503.0,44743,52323,102083.0
수유(강북구청),2023-07-06,107580.0,57471,49985,100094.0
수유(강북구청),2023-07-07,92514.0,45061,33170,80623.0
수유(강북구청),2023-07-08,88109.0,35389,42223,94943.0
수유(강북구청),2023-07-09,106834.0,39486,43287,110635.0
수유(강북구청),2023-07-10,103801.0,45478,49732,108055.0
수유(강북구청),2023-07-11,104254.0,44334,49344,109264.0
수유(강북구청),2023-07-12,105010.0,45548,27201,86663.0
수유(강북구청),2023-07-13,81653.0,36520,43672,88805.0
수유(강북구청),2023-07-14,107152.0,34089,50364,123427.0
수유(강북구청),2023-07-15,116275.0,58735,55929,113469.0
수유(강북구청),2023-07-16,97194.0,43049,58375,112520.0
수유(강북구청),2023-07-17,115326.0,46305,41937,110958.0
수유(강북구청),2023-07-18,95632.0,39451,42248,98429.0
수유(강북구청),2023-07-19,102797.0,41477,46501,107821.0
수유(강북구청),2023-07-20,105024.0,46412,44996,103608.0
수유(강북구청),2023-07-21,98584.0,48898,55677,105363.0
수유(강북구청),2023-07-22,106779.0,53508,31613,84884.0
수유(강북구청),2023-07-23,78105.0,21999,53371,109477.0
수유(강북구청),2023-07-24,131372.0,32675,42947,141644.0
수유(강북구청),2023-07-25,110272.0,34444,28762,104590.0
수유(강북구청),2023-07-26,94318.0,49838,51796,96276.0
수유(강북구청),2023-07-27,101958.0,39783,21665,83840.0
수유(강북구청),2023-07-28,81882.0,40055,48492,90319.0
수유(강북구청),2023-07-29,108437.0,31667,46617,123387.0
수유(강북구청),2023-07-30,114950.0,44830,50178,120298.0
수유(강북구청),2023-07-31,105348.0,46044,36217,95521.0
연신내,2023-07-01,90173.0,54984,42959,78148.0
연신내,2023-07-02,87975.0,44124,36085,79936.0
연신내,2023-07-03,91961.0,40433,36515,88043.0
연신내,2023-07-04,96082.0,42831,59554,112805.0
연신내,2023-07-05,116723.0,32193,30048,114578.0
연신내,2023-07-06,97855.0,57420,42509,82944.0
연신내,2023-07-07,85089.0,38429,53593,100253.0
연신내,2023-07-08,115164.0,38992,60569,136741.0
연신내,2023-07-09,121577.0,50381,40037,111233.0
연신내,2023-07-10,89656.0,63508,38991,65139.0
연신내,2023-07-11,75483.0,50951,47022,71554.0
연신내,2023-07-12,96071.0,55917,58222,98376.0
연신내,2023-07-13,102305.0,44650,37681,95336.0
연신내,2023-07-14,93031.0,48447,38352,82936.0
연신내,2023-07-15,89905.0,62231,45577,73251.0
연신내,2023-07-16,83346.0,41124,46005,88227.0
연신내,2023-07-17,104881.0,32413,35745,108213.0
연신내,2023-07-18,103332.0,55018,38537,86851.0
연신내,2023-07-19,83519.0,35076,49128,97571.0
연신내,2023-07-20,114052.0,54887,50745,109910.0
연신내,2023-07-21,95858.0,53204,37651,80305.0
연신내,2023-07-22,84447.0,31750,57688,110385.0
연신내,2023-07-23,125938.0,41503,42140,126575.0
연신내,2023-07-24,100637.0,56151,49302,93788.0
연신내,2023-07-25,93151.0,48411,63577,108317.0
연신내,2023-07-26,115166.0,38656,52599,129109.0
연신내,2023-07-27,113943.0,44872,46749,115820.0
연신내,2023-07-28,101877.0,57929,48872,92820.0
연신내,2023-07-29,90943.0,49142,53883,95684.0
연신내,2023-07-30,104741.0,41128,36919,100532.0
연신내,2023-07-31,95791.0,35095,26918,87614.0
신촌,2023-07-01,91823.0,61749,34101,64175.0
신촌,2023-07-02,72352.0,41819,41333,71866.0
신촌,2023-07-03,99514.0,46445,50894,103963.0
신촌,2023-07-04,104449.0,51285,38652,91816.0
신촌,2023-07-05,87367.0,42292,46228,91303.0
신촌,2023-07-06,103936.0,41579,57821,120178.0
신촌,2023-07-07,116242.0,48051,50186,118377.0
신촌,2023-07-08,102135.0,49556,54024,106603.0
신촌,2023-07-09,104468.0,45339,32406,91535.0
신촌,2023-07-10,87067.0,47253,38055,77869.0
신촌,2023-07-11,90802.0,39129,48886,100559.0
신촌,2023-07-12,109757.0,54591,43941,99107.0
신촌,2023-07-13,89350.0,46458,58651,101543.0
신촌,2023-07-14,112193.0,45862,66522,132853.0
신촌,2023-07-15,120660.0,48704,28346,100302.0
신촌,2023-07-16,79642.0,50347,47090,76385.0
신촌,2023-07-17,96743.0,55042,49646,91347.0
신촌,2023-07-18,94604.0,42543,33041,85102.0
신촌,2023-07-19,90498.0,41926,36312,84884.0
신촌,2023-07-20,94386.0,38675,48906,104617.0
신촌,2023-07-21,110231.0,58368,47209,99072.0
신촌,2023-07-22,88841.0,33290,47646,103197.0
신촌,2023-07-23,114356.0,54227,38419,98548.0
신촌,2023-07-24,84192.0,42582,43883,85493.0
신촌,2023-07-25,101301.0,36886,49428,113843.0
신촌,2023-07-26,112542.0,42696,47426,117272.0
신촌,2023-07-27,104730.0,35988,39927,108669.0
신촌,2023-07-28,103939.0,50077,40492,94354.0
신촌,2023-07-29,90415.0,58868,40258,71805.0
신촌,2023-07-30,81390.0,45721,51916,87585.0
신촌,2023-07-31,106195.0,31343,28346,103198.0
합정,2023-07-01,97003.0,30037,54142,121108.0
합정,2023-07-02,124105.0,38455,65343,150993.0
합정,2023-07-03,126888.0,38348,44822,133362.0
합정,2023-07-04,106474.0,56559,60570,110485.0
합정,2023-07-05,104011.0,61049,53673,96635.0
합정,2023-07-06,92624.0,52080,48349,88893.0
합정,2023-07-07,96269.0,49956,38461,84774.0
합정,2023-07-08,88505.0,36153,43197,95549.0
합정,2023-07-09,107044.0,41755,39308,104597.0
합정,2023-07-10,97553.0,49247,51485,99791.0
합정,2023-07-11,102238.0,43991,56000,114247.0
합정,2023-07-12,112009.0,33356,41552,120205.0
합정,2023-07-13,108196.0,37029,27089,98256.0
합정,2023-07-14,90060.0,42512,42174,89722.0
합정,2023-07-15,99662.0,56311,48680,92031.0
합정,2023-07-16,92369.0,34372,59256,117253.0
합정,2023-07-17,124884.0,53783,48259,119360.0
합정,2023-07-18,94476.0,41268,34932,88140.0
합정,2023-07-19,93664.0,40009,52639,106294.0
합정,2023-07-20,112630.0,59519,56568,109679.0
합정,2023-07-21,97049.0,39000,33547,91596.0
합정,2023-07-22,94547.0,44444,27938,78041.0
합정,2023-07-23,83494.0,46020,41950,79424.0
합정,2023-07-24,95930.0,39197,29440,86173.0
합정,2023-07-25,90243.0,47667,38621,81197.0
합정,2023-07-26,90954.0,33112,18395,76237.0
합정,2023-07-27,85283.0,42989,58548,100842.0
합정,2023-07-28,115559.0,57589,39275,97245.0
합정,2023-07-29,81686.0,38020,47279,90945.0
합정,2023-07-30,109259.0,34595,45835,120499.0
합정,2023-07-31,111240.0,49849,53834,115225.0
혜화,2023-07-01,103985.0,41256,40384,103113.0
혜화,2023-07-02,99128.0,34707,35137,99558.0
혜화,2023-07-03,100430.0,40192,45192,105430.0
혜화,2023-07-04,105000.0,49792,35336,90544.0
혜화,2023-07-05,85544.0,54668,39816,70692.0
혜화,2023-07-06,85148.0,41919,35808,79037.0
혜화,2023-07-07,93889.0,21687,49543,121745.0
혜화,2023-07-08,127856.0,48303,39730,119283.0
혜화,2023-07-09,91427.0,42663,46443,95207.0
혜화,2023-07-10,103780.0,28943,37645,112482.0
혜화,2023-07-11,108702.0,48787,31538,91453.0
혜화,2023-07-12,82751.0,44571,30677,68857.0
혜화,2023-07-13,86106.0,46027,41799,81878.0
혜화,2023-07-14,95772.0,28500,51906,119178.0
혜화,2023-07-15,123406.0,35914,35277,122769.0
혜화,2023-07-16,99363.0,43788,51771,107346.0
혜화,2023-07-17,107983.0,33546,42619,117056.0
혜화,2023-07-18,109073.0,45710,47935,111298.0
혜화,2023-07-19,102225.0,43585,39009,97649.0
혜화,2023-07-20,95424.0,35131,42825,103118.0
혜화,2023-07-21,107694.0,33072,17502,92124.0
혜화,2023-07-22,84430.0,45775,49710,88365.0
혜화,2023-07-23,103935.0,22203,33597,115329.0
혜화,2023-07-24,111394.0,47312,59423,123505.0
혜화,2023-07-25,112111.0,42274,35969,105806.0
혜화,2023-07-26,93695.0,40559,53676,106812.0
혜화,2023-07-27,113117.0,36660,35370,111827.0
혜화,2023-07-28,98710.0,38035,34072,94747.0
혜화,2023-07-29,96037.0,43132,55779,108684.0
혜화,2023-07-30,112647.0,44819,39974,107802.0
혜화,2023-07-31,95155.0,39642,28937,84450.0
교대(법원.검찰청),2023-07-01,89295.0,48842,40864,81317.0
교대(법원.검찰청),2023-07-02,92022.0,40012,68020,120030.0
교대(법원.검찰청),2023-07-03,128008.0,43990,35269,119287.0
교대(법원.검찰청),2023-07-04,91279.0,37971,51045,104353.0
교대(법원.검찰청),2023-07-05,113074.0,42451,29569,100192.0
교대(법원.검찰청),2023-07-06,87118.0,49142,35963,73939.0
교대(법원.검찰청),2023-07-07,86821.0,57063,50477,80235.0
교대(법원.검찰청),2023-07-08,93414.0,37796,52145,107763.0
교대(법원.검찰청),2023-07-09,114349.0,42074,48590,120865.0
교대(법원.검찰청),2023-07-10,106516.0,45535,34484,95465.0
교대(법원.검찰청),2023-07-11,88949.0,36167,50061,102843.0
교대(법원.검찰청),2023-07-12,113894.0,38731,38159,113322.0
교대(법원.검찰청),2023-07-13,99428.0,33581,45027,110874.0
교대(법원.검찰청),2023-07-14,111446.0,58634,32647,85459.0
교대(법원.검찰청),2023-07-15,74013.0,41711,53235,85537.0
교대(법원.검찰청),2023-07-16,111524.0,40849,45266,115941.0
교대(법원.검찰청),2023-07-17,104417.0,32690,45066,116793.0
교대(법원.검찰청),2023-07-18,112376.0,39957,49694,122113.0
교대(법원.검찰청),2023-07-19,109737.0,51368,63009,121378.0
교대(법원.검찰청),2023-07-20,111641.0,46322,44215,109534.0
교대(법원.검찰청),2023-07-21,97893.0,43124,38578,93347.0
교대(법원.검찰청),2023-07-22,95454.0,44320,39058,90192.0
교대(법원.검찰청),2023-07-23,94738.0,42909,52449,104278.0
교대(법원.검찰청),2023-07-24,109540.0,33154,50974,127360.0
교대(법원.검찰청),2023-07-25,117820.0,52445,40530,105905.0
교대(법원.검찰청),2023-07-26,88085.0,23894,36464,100655.0
교대(법원.검찰청),2023-07-27,112570.0,52278,41320,101612.0
교대(법원.검찰청),2023-07-28,89042.0,33214,37319,93147.0
교대(법원.검찰청),2023-07-29,104105.0,48489,46049,101665.0
교대(법원.검찰청),2023-07-30,97560.0,39527,38465,96498.0
교대(법원.검찰청),2023-07-31,98938.0,38258,33852,94532.0
남부터미널(예술의전당),2023-07-01,95594.0,54334,38419,79679.0
남부터미널(예술의전당),2023-07-02,84085.0,51064,53562,86583.0
남부터미널(예술의전당),2023-07-03,102498.0,49266,37522,90754.0
남부터미널(예술의전당),2023-07-04,88256.0,44383,40868,84741.0
남부터미널(예술의전당),2023-07-05,96485.0,33644,43731,106572.0
남부터미널(예술의전당),2023-07-06,110087.0,31383,50821,129525.0
남부터미널(예술의전당),2023-07-07,119438.0,37250,42719,124907.0
남부터미널(예술의전당),2023-07-08,105469.0,43393,38940,101016.0
남부터미널(예술의전당),2023-07-09,95547.0,45885,37166,86828.0
남부터미널(예술의전당),2023-07-10,91281.0,48223,30011,73069.0
남부터미널(예술의전당),2023-07-11,81788.0,42105,56992,96675.0
남부터미널(예술의전당),2023-07-12,114887.0,32850,35500,117537.0
남부터미널(예술의전당),2023-07-13,102650.0,45288,42542,99904.0
남부터미널(예술의전당),2023-07-14,97254.0,43946,45084,98392.0
남부터미널(예술의전당),2023-07-15,101138.0,46280,50181,105039.0
남부터미널(예술의전당),2023-07-16,103901.0,44433,39085,98553.0
남부터미널(예술의전당),2023-07-17,94652.0,46591,56671,104732.0
남부터미널(예술의전당),2023-07-18,110080.0,39977,33062,103165.0
남부터미널(예술의전당),2023-07-19,93085.0,50159,40078,83004.0
남부터미널(예술의전당),2023-07-20,89919.0,23222,48027,114724.0
남부터미널(예술의전당),2023-07-21,124805.0,36670,40323,128458.0
남부터미널(예술의전당),2023-07-22,103653.0,43793,42631,102491.0
남부터미널(예술의전당),2023-07-23,98838.0,46894,37490,89434.0
남부터미널(예술의전당),2023-07-24,90596.0,45281,38935,84250.0
남부터미널(예술의전당),2023-07-25,93654.0,47135,46121,92640.0
남부터미널(예술의전당),2023-07-26,98986.0,33383,49986,115589.0
남부터미널(예술의전당),2023-07-27,116603.0,36664,47703,127642.0
남부터미널(예술의전당),2023-07-28,111039.0,44083,56164,123120.0
남부터미널(예술의전당),2023-07-29,112081.0,39231,38197,111047.0
남부터미널(예술의전당),2023-07-30,98966.0,40907,38576,96635.0
남부터미널(예술의전당),2023-07-31,97669.0,47637,27791,77823.0
압구정,2023-07-01,80154.0,31709,31595,80040.0
압구정,2023-07-02,99886.0,47811,53920,105995.0
압구정,2023-07-03,106109.0,39336,38818,105591.0
압구정,2023-07-04,99482.0,40738,49511,108255.0
압구정,2023-07-05,108773.0,32724,42090,118139.0
압구정,2023-07-06,109366.0,48011,44201,105556.0
압구정,2023-07-07,96190.0,41698,48218,102710.0
압구정,2023-07-08,106520.0,18454,45622,133688.0
압구정,2023-07-09,127168.0,34919,25466,117715.0
압구정,2023-07-10,90547.0,44283,51212,97476.0
압구정,2023-07-11,106929.0,39071,47831,115689.0
압구정,2023-07-12,108760.0,53130,50740,106370.0
압구정,2023-07-13,97610.0,53352,46138,90396.0
압구정,2023-07-14,92786.0,40781,27303,79308.0
압구정,2023-07-15,86522.0,38198,33399,81723.0
압구정,2023-07-16,95201.0,57619,38762,76344.0
압구정,2023-07-17,81143.0,41165,44606,84584.0
압구정,2023-07-18,103441.0,40525,53795,116711.0
압구정,2023-07-19,113270.0,35172,41739,119837.0
압구정,2023-07-20,106567.0,34209,29568,101926.0
압구정,2023-07-21,95359.0,35259,39877,99977.0
압구정,2023-07-22,104618.0,36725,34611,102504.0
압구정,2023-07-23,97886.0,28875,39507,108518.0
압구정,2023-07-24,110632.0,28084,46282,128830.0
압구정,2023-07-25,118198.0,40837,28463,105824.0
압구정,2023-07-26,87626.0,37690,34131,84067.0
압구정,2023-07-27,96441.0,42740,50946,104647.0
압구정,2023-07-28,108206.0,25108,41099,124197.0
압구정,2023-07-29,115991.0,38888,45569,122672.0
압구정,2023-07-30,106681.0,41888,34133,98926.0
압구정,2023-07-31,92245.0,37611,33779,88413.0
강변(동서울터미널),2023-07-01,96168.0,47882,39570,87856.0
강변(동서울터미널),2023-07-02,91688.0,54385,38924,76227.0
강변(동서울터미널),2023-07-03,84539.0,33820,27473,78192.0
강변(동서울터미널),2023-07-04,93653.0,25193,26918,95378.0
강변(동서울터미널),2023-07-05,101725.0,41507,43411,103629.0
강변(동서울터미널),2023-07-06,101904.0,26942,46456,121418.0
강변(동서울터미널),2023-07-07,119514.0,35596,40559,124477.0
강변(동서울터미널),2023-07-08,104963.0,52108,46470,99325.0
강변(동서울터미널),2023-07-09,94362.0,37286,32379,89455.0
강변(동서울터미널),2023-07-10,95093.0,22445,33735,106383.0
강변(동서울터미널),2023-07-11,111290.0,37738,31623,105175.0
강변(동서울터미널),2023-07-12,93885.0,38368,40008,95525.0
강변(동서울터미널),2023-07-13,101640.0,37630,34280,98290.0
강변(동서울터미널),2023-07-14,96650.0,40731,42885,98804.0
강변(동서울터미널),2023-07-15,102154.0,30809,50521,121866.0
강변(동서울터미널),2023-07-16,119712.0,38625,39551,120638.0
강변(동서울터미널),2023-07-17,100926.0,44983,41240,97183.0
강변(동서울터미널),2023-07-18,96257.0,46914,41665,91008.0
강변(동서울터미널),2023-07-19,94751.0,34576,42251,102426.0
강변(동서울터미널),2023-07-20,107675.0,30389,40258,117544.0
강변(동서울터미널),2023-07-21,109869.0,39140,37762,108491.0
강변(동서울터미널),2023-07-22,98622.0,38389,24572,84805.0
강변(동서울터미널),2023-07-23,86183.0,35078,40134,91239.0
강변(동서울터미널),2023-07-24,105056.0,40662,31304,95698.0
강변(동서울터미널),2023-07-25,90642.0,49377,32576,73841.0
강변(동서울터미널),2023-07-26,83199.0,47042,42769,78926.0
강변(동서울터미널),2023-07-27,95727.0,34310,53393,114810.0
강변(동서울터미널),2023-07-28,119083.0,29996,46646,135733.0
강변(동서울터미널),2023-07-29,116650.0,47287,34117,103480.0
강변(동서울터미널),2023-07-30,86830.0,50376,37432,73886.0
강변(동서울터미널),2023-07-31,87056.0,41677,41454,86833.0
